Date,Open,High,Low,Close
2011-01-03,,,,16.04
2011-01-04,,,,16.06
2011-01-05,,,,15.57
2011-01-06,,,,15.71
2011-01-07,,,,15.01
2011-01-10,,,,15.81
2011-01-11,,,,14.93
2011-01-12,,,,14.82
2011-01-13,,,,14.92
2011-01-14,,,,14.3
2011-01-18,,,,16.34
2011-01-19,,,,17.74
2011-01-20,,,,16.98
2011-01-21,,,,17.32
2011-01-24,,,,17.38
2011-01-25,,,,17.75
2011-01-26,,,,16.27
2011-01-27,,,,15.07
2011-01-28,,,,21.25
2011-01-31,,,,20.5
2011-02-01,,,,17.21
2011-02-02,,,,16.83
2011-02-03,,,,15.38
2011-02-04,,,,14.19
2011-02-07,,,,15.33
2011-02-08,,,,14.56
2011-02-09,,,,14.3
2011-02-10,,,,14.53
2011-02-11,,,,14.79
2011-02-14,,,,16.16
2011-02-15,,,,16.58
2011-02-16,,,,16.87
2011-02-17,,,,15.81
2011-02-18,,,,14.92
2011-02-22,,,,22.09
2011-02-23,,,,22.77
2011-02-24,,,,21.51
2011-02-25,,,,18.47
2011-02-28,,,,18.3
2011-03-01,,,,21.59
2011-03-02,,,,20.78
2011-03-03,,,,16.85
2011-03-04,,,,17.69
2011-03-07,,,,20.97
2011-03-08,,,,19.34
2011-03-09,,,,19.93
2011-03-10,,,,22.89
2011-03-11,,,,19.4
2011-03-14,,,,21.93
2011-03-15,,,,25.9
2011-03-16,,,,31.04
2011-03-17,,,,28.62
2011-03-18,,,,25.31
2011-03-21,,,,21.02
2011-03-22,,,,20.17
2011-03-23,,,,19.06
2011-03-24,,,,17.42
2011-03-25,,,,17.49
2011-03-28,,,,19.84
2011-03-29,,,,17.46
2011-03-30,,,,16.98
2011-03-31,,,,16.31
2011-04-01,,,,15.15
2011-04-04,,,,16.72
2011-04-05,,,,15.81
2011-04-06,,,,15.21
2011-04-07,,,,15.93
2011-04-08,,,,17.21
2011-04-11,,,,18.39
2011-04-12,,,,18.93
2011-04-13,,,,17.97
2011-04-14,,,,15.99
2011-04-15,,,,14.28
2011-04-18,,,,17.63
2011-04-19,,,,15.91
2011-04-20,,,,15.04
2011-04-21,,,,13.03
2011-04-25,,,,15.05
2011-04-26,,,,15.16
2011-04-27,,,,14.61
2011-04-28,,,,12.81
2011-04-29,,,,13.09
2011-05-02,,,,15.16
2011-05-03,,,,15.71
2011-05-04,,,,16.37
2011-05-05,,,,18.87
2011-05-06,,,,18.89
2011-05-09,,,,16.56
2011-05-10,,,,14.58
2011-05-11,,,,16.8
2011-05-12,,,,15.1
2011-05-13,,,,17.13
2011-05-16,,,,19.71
2011-05-17,,,,18.33
2011-05-18,,,,16.25
2011-05-19,,,,14.92
2011-05-20,,,,18.1
2011-05-23,,,,18.87
2011-05-24,,,,17.87
2011-05-25,,,,16.83
2011-05-26,,,,14.62
2011-05-27,,,,14.79
2011-05-31,,,,14.89
2011-06-01,,,,19.1
2011-06-02,,,,18.93
2011-06-03,,,,17.99
2011-06-06,,,,19.35
2011-06-07,,,,18.41
2011-06-08,,,,19.02
2011-06-09,,,,18.11
2011-06-10,,,,18.92
2011-06-13,,,,20.28
2011-06-14,,,,18.44
2011-06-15,,,,22.03
2011-06-16,,,,24.63
2011-06-17,,,,23.13
2011-06-20,,,,20.74
2011-06-21,,,,20.18
2011-06-22,,,,18.64
2011-06-23,,,,20.07
2011-06-24,,,,22.47
2011-06-27,,,,21.99
2011-06-28,,,,19.83
2011-06-29,,,,16.96
2011-06-30,,,,15.14
2011-07-01,,,,15.29
2011-07-05,,,,15.85
2011-07-06,,,,15.66
2011-07-07,,,,15.29
2011-07-08,,,,15.56
2011-07-11,,,,20.14
2011-07-12,,,,21.5
2011-07-13,,,,20.65
2011-07-14,,,,22.19
2011-07-15,,,,19.82
2011-07-18,,,,22.13
2011-07-19,,,,19.69
2011-07-20,,,,19.75
2011-07-21,,,,17.54
2011-07-22,,,,16.96
2011-07-25,,,,20.4
2011-07-26,,,,20.83
2011-07-27,,,,24.41
2011-07-28,,,,27.52
2011-07-29,,,,30.35
2011-08-01,,,,26.85
2011-08-02,,,,27.78
2011-08-03,,,,24.7
2011-08-04,,,,39.89
2011-08-05,,,,37.58
2011-08-08,,,,68.0
2011-08-09,,,,43.38
2011-08-10,,,,56.66
2011-08-11,,,,46.98
2011-08-12,,,,38.41
2011-08-15,,,,32.94
2011-08-16,,,,33.09
2011-08-17,,,,31.22
2011-08-18,,,,46.55
2011-08-19,,,,47.41
2011-08-22,,,,44.57
2011-08-23,,,,37.81
2011-08-24,,,,37.43
2011-08-25,,,,44.08
2011-08-26,,,,36.34
2011-08-29,,,,33.39
2011-08-30,,,,34.67
2011-08-31,,,,32.33
2011-09-01,,,,31.78
2011-09-02,,,,31.94
2011-09-06,,,,39.24
2011-09-07,,,,32.44
2011-09-08,,,,34.41
2011-09-09,,,,40.42
2011-09-12,,,,40.45
2011-09-13,,,,37.63
2011-09-14,,,,35.03
2011-09-15,,,,32.79
2011-09-16,,,,32.52
2011-09-19,,,,34.6
2011-09-20,,,,34.49
2011-09-21,,,,37.76
2011-09-22,,,,43.49
2011-09-23,,,,42.66
2011-09-26,,,,40.17
2011-09-27,,,,38.93
2011-09-28,,,,42.81
2011-09-29,,,,39.79
2011-09-30,,,,43.73
2011-10-03,,,,48.64
2011-10-04,,,,41.47
2011-10-05,,,,37.58
2011-10-06,,,,34.96
2011-10-07,,,,33.62
2011-10-10,,,,31.3
2011-10-11,,,,30.01
2011-10-12,,,,29.02
2011-10-13,,,,27.71
2011-10-14,,,,26.49
2011-10-17,,,,33.95
2011-10-18,,,,32.21
2011-10-19,,,,34.7
2011-10-20,,,,36.7
2011-10-21,,,,32.15
2011-10-24,,,,30.19
2011-10-25,,,,33.57
2011-10-26,,,,30.33
2011-10-27,,,,24.95
2011-10-28,,,,23.03
2011-10-31,,,,30.88
2011-11-01,,,,36.72
2011-11-02,,,,33.06
2011-11-03,,,,29.5
2011-11-04,,,,28.43
2011-11-07,,,,28.39
2011-11-08,,,,24.57
2011-11-09,,,,38.14
2011-11-10,,,,32.13
2011-11-11,,,,28.03
2011-11-14,,,,31.23
2011-11-15,,,,31.57
2011-11-16,,,,34.12
2011-11-17,,,,32.62
2011-11-18,,,,30.26
2011-11-21,,,,33.34
2011-11-22,,,,31.03
2011-11-23,,,,33.6
2011-11-25,,,,33.95
2011-11-28,,,,31.88
2011-11-29,,,,30.4
2011-11-30,,,,27.43
2011-12-01,,,,27.0
2011-12-02,,,,27.78
2011-12-05,,,,28.84
2011-12-06,,,,28.5
2011-12-07,,,,30.19
2011-12-08,,,,31.62
2011-12-09,,,,24.44
2011-12-12,,,,25.99
2011-12-13,,,,25.63
2011-12-14,,,,25.62
2011-12-15,,,,24.07
2011-12-16,,,,22.76
2011-12-19,,,,23.16
2011-12-20,,,,21.55
2011-12-21,,,,20.62
2011-12-22,,,,19.72
2011-12-23,,,,17.81
2011-12-27,,,,20.6
2011-12-28,,,,22.42
2011-12-29,,,,19.42
2011-12-30,,,,19.36
2012-01-03,,,,20.63
2012-01-04,,,,19.32
2012-01-05,,,,18.25
2012-01-06,,,,17.01
2012-01-09,,,,17.61
2012-01-10,,,,17.48
2012-01-11,,,,17.12
2012-01-12,,,,16.65
2012-01-13,,,,17.69
2012-01-17,,,,22.07
2012-01-18,,,,20.67
2012-01-19,,,,17.41
2012-01-20,,,,16.12
2012-01-23,,,,18.12
2012-01-24,,,,18.08
2012-01-25,,,,17.36
2012-01-26,,,,16.4
2012-01-27,,,,16.63
2012-01-30,,,,18.47
2012-01-31,,,,18.44
2012-02-01,,,,16.87
2012-02-02,,,,15.78
2012-02-03,,,,15.34
2012-02-06,,,,16.64
2012-02-07,,,,16.11
2012-02-08,,,,16.33
2012-02-09,,,,16.56
2012-02-10,,,,19.66
2012-02-13,,,,18.45
2012-02-14,,,,19.23
2012-02-15,,,,21.26
2012-02-16,,,,17.12
2012-02-17,,,,16.23
2012-02-21,,,,17.44
2012-02-22,,,,17.09
2012-02-23,,,,14.83
2012-02-24,,,,15.09
2012-02-27,,,,16.94
2012-02-28,,,,16.57
2012-02-29,,,,16.85
2012-03-01,,,,15.06
2012-03-02,,,,14.44
2012-03-05,,,,15.98
2012-03-06,,,,20.1
2012-03-07,,,,17.37
2012-03-08,,,,16.98
2012-03-09,,,,15.3
2012-03-12,,,,15.54
2012-03-13,,,,16.35
2012-03-14,,,,16.72
2012-03-15,,,,14.29
2012-03-16,,,,13.47
2012-03-19,,,,14.62
2012-03-20,,,,15.31
2012-03-21,,,,15.37
2012-03-22,,,,15.9
2012-03-23,,,,14.33
2012-03-26,,,,14.3
2012-03-27,,,,15.43
2012-03-28,,,,14.93
2012-03-29,,,,14.55
2012-03-30,,,,14.2
2012-04-02,,,,14.77
2012-04-03,,,,14.36
2012-04-04,,,,12.92
2012-04-05,,,,14.7
2012-04-09,,,,17.87
2012-04-10,,,,19.84
2012-04-11,,,,18.69
2012-04-12,,,,15.99
2012-04-13,,,,19.07
2012-04-16,,,,20.13
2012-04-17,,,,18.84
2012-04-18,,,,18.85
2012-04-19,,,,18.09
2012-04-20,,,,16.85
2012-04-23,,,,19.1
2012-04-24,,,,17.87
2012-04-25,,,,16.14
2012-04-26,,,,14.7
2012-04-27,,,,14.65
2012-04-30,,,,16.55
2012-05-01,,,,15.63
2012-05-02,,,,16.23
2012-05-03,,,,16.94
2012-05-04,,,,18.42
2012-05-07,,,,18.46
2012-05-08,,,,19.09
2012-05-09,,,,20.24
2012-05-10,,,,18.64
2012-05-11,,,,20.19
2012-05-14,,,,22.56
2012-05-15,,,,22.63
2012-05-16,,,,22.41
2012-05-17,,,,25.44
2012-05-18,,,,26.6
2012-05-21,,,,21.93
2012-05-22,,,,22.03
2012-05-23,,,,21.75
2012-05-24,,,,19.22
2012-05-25,,,,19.21
2012-05-29,,,,19.48
2012-05-30,,,,23.39
2012-05-31,,,,22.41
2012-06-01,,,,26.2
2012-06-04,,,,24.67
2012-06-05,,,,23.17
2012-06-06,,,,19.31
2012-06-07,,,,19.62
2012-06-08,,,,19.85
2012-06-11,,,,26.39
2012-06-12,,,,24.22
2012-06-13,,,,26.19
2012-06-14,,,,25.22
2012-06-15,,,,24.32
2012-06-18,,,,19.17
2012-06-19,,,,19.53
2012-06-20,,,,17.44
2012-06-21,,,,20.92
2012-06-22,,,,17.94
2012-06-25,,,,20.4
2012-06-26,,,,18.74
2012-06-27,,,,17.12
2012-06-28,,,,18.14
2012-06-29,,,,15.01
2012-07-02,,,,15.11
2012-07-03,,,,14.68
2012-07-05,,,,15.78
2012-07-06,,,,15.01
2012-07-09,,,,17.13
2012-07-10,,,,18.1
2012-07-11,,,,17.26
2012-07-12,,,,18.01
2012-07-13,,,,14.7
2012-07-16,,,,16.53
2012-07-17,,,,15.63
2012-07-18,,,,15.0
2012-07-19,,,,14.32
2012-07-20,,,,15.61
2012-07-23,,,,19.02
2012-07-24,,,,21.16
2012-07-25,,,,19.31
2012-07-26,,,,17.8
2012-07-27,,,,16.3
2012-07-30,,,,18.86
2012-07-31,,,,19.86
2012-08-01,,,,20.79
2012-08-02,,,,16.64
2012-08-03,,,,14.2
2012-08-06,,,,14.85
2012-08-07,,,,14.68
2012-08-08,,,,13.52
2012-08-09,,,,13.0
2012-08-10,,,,12.45
2012-08-13,,,,13.15
2012-08-14,,,,13.02
2012-08-15,,,,12.37
2012-08-16,,,,12.35
2012-08-17,,,,11.5
2012-08-20,,,,12.24
2012-08-21,,,,13.21
2012-08-22,,,,13.15
2012-08-23,,,,13.67
2012-08-24,,,,13.1
2012-08-27,,,,14.89
2012-08-28,,,,15.21
2012-08-29,,,,15.29
2012-08-30,,,,16.87
2012-08-31,,,,15.73
2012-09-04,,,,17.43
2012-09-05,,,,17.9
2012-09-06,,,,14.98
2012-09-07,,,,13.25
2012-09-10,,,,16.94
2012-09-11,,,,16.94
2012-09-12,,,,15.95
2012-09-13,,,,14.46
2012-09-14,,,,14.12
2012-09-17,,,,14.1
2012-09-18,,,,13.44
2012-09-19,,,,13.07
2012-09-20,,,,12.89
2012-09-21,,,,13.22
2012-09-24,,,,13.23
2012-09-25,,,,14.8
2012-09-26,,,,16.44
2012-09-27,,,,14.05
2012-09-28,,,,15.24
2012-10-01,,,,15.63
2012-10-02,,,,14.56
2012-10-03,,,,14.11
2012-10-04,,,,13.43
2012-10-05,,,,12.23
2012-10-08,,,,14.17
2012-10-09,,,,15.98
2012-10-10,,,,15.93
2012-10-11,,,,14.47
2012-10-12,,,,15.49
2012-10-15,,,,14.32
2012-10-16,,,,13.57
2012-10-17,,,,13.22
2012-10-18,,,,13.65
2012-10-19,,,,17.64
2012-10-22,,,,16.78
2012-10-23,,,,20.61
2012-10-24,,,,18.94
2012-10-25,,,,18.27
2012-10-26,,,,16.8
2012-10-31,,,,19.15
2012-11-01,,,,17.35
2012-11-02,,,,18.51
2012-11-05,,,,20.45
2012-11-06,,,,19.3
2012-11-07,,,,19.87
2012-11-08,,,,18.18
2012-11-09,,,,18.5
2012-11-12,,,,16.27
2012-11-13,,,,16.25
2012-11-14,,,,18.67
2012-11-15,,,,18.93
2012-11-16,,,,17.06
2012-11-19,,,,15.57
2012-11-20,,,,15.24
2012-11-21,,,,15.33
2012-11-23,,,,15.25
2012-11-26,,,,16.01
2012-11-27,,,,16.12
2012-11-28,,,,15.72
2012-11-29,,,,15.2
2012-11-30,,,,15.81
2012-12-03,,,,17.1
2012-12-04,,,,17.19
2012-12-05,,,,15.98
2012-12-06,,,,15.95
2012-12-07,,,,15.25
2012-12-10,,,,15.16
2012-12-11,,,,15.21
2012-12-12,,,,15.26
2012-12-13,,,,15.77
2012-12-14,,,,16.49
2012-12-17,,,,16.57
2012-12-18,,,,16.22
2012-12-19,,,,18.47
2012-12-20,,,,19.04
2012-12-21,,,,18.2
2012-12-24,,,,20.12
2012-12-26,,,,21.48
2012-12-27,,,,21.68
2012-12-28,,,,26.93
2012-12-31,,,,20.27
2013-01-02,,,,12.94
2013-01-03,,,,13.3
2013-01-04,,,,11.62
2013-01-07,,,,11.99
2013-01-08,,,,11.76
2013-01-09,,,,11.6
2013-01-10,,,,11.17
2013-01-11,,,,11.22
2013-01-14,,,,12.15
2013-01-15,,,,12.05
2013-01-16,,,,11.83
2013-01-17,,,,12.39
2013-01-18,,,,10.9
2013-01-22,,,,11.21
2013-01-23,,,,11.04
2013-01-24,,,,11.12
2013-01-25,,,,11.63
2013-01-28,,,,13.01
2013-01-29,,,,13.16
2013-01-30,,,,14.24
2013-01-31,,,,14.03
2013-02-01,,,,10.85
2013-02-04,,,,14.25
2013-02-05,,,,12.78
2013-02-06,,,,12.04
2013-02-07,,,,12.03
2013-02-08,,,,11.38
2013-02-11,,,,11.86
2013-02-12,,,,11.05
2013-02-13,,,,11.09
2013-02-14,,,,10.81
2013-02-15,,,,10.79
2013-02-19,,,,11.43
2013-02-20,,,,15.36
2013-02-21,,,,16.01
2013-02-22,,,,14.58
2013-02-25,,,,21.87
2013-02-26,,,,18.11
2013-02-27,,,,14.91
2013-02-28,,,,15.99
2013-03-01,,,,14.55
2013-03-04,,,,12.93
2013-03-05,,,,12.54
2013-03-06,,,,12.22
2013-03-07,,,,11.69
2013-03-08,,,,10.77
2013-03-11,,,,11.25
2013-03-12,,,,12.48
2013-03-13,,,,11.42
2013-03-14,,,,11.08
2013-03-15,,,,10.5
2013-03-18,,,,13.46
2013-03-19,,,,14.84
2013-03-20,,,,13.65
2013-03-21,,,,16.01
2013-03-22,,,,15.23
2013-03-25,,,,14.22
2013-03-26,,,,11.75
2013-03-27,,,,12.29
2013-03-28,,,,11.03
2013-04-01,,,,12.97
2013-04-02,,,,11.62
2013-04-03,,,,14.3
2013-04-04,,,,13.62
2013-04-05,,,,13.59
2013-04-08,,,,13.15
2013-04-09,,,,12.42
2013-04-10,,,,11.47
2013-04-11,,,,11.05
2013-04-12,,,,11.37
2013-04-15,,,,20.67
2013-04-16,,,,14.41
2013-04-17,,,,18.77
2013-04-18,,,,19.3
2013-04-19,,,,15.25
2013-04-22,,,,14.85
2013-04-23,,,,13.09
2013-04-24,,,,13.32
2013-04-25,,,,13.0
2013-04-26,,,,12.85
2013-04-29,,,,13.5
2013-04-30,,,,13.37
2013-05-01,,,,15.03
2013-05-02,,,,13.03
2013-05-03,,,,11.68
2013-05-06,,,,11.64
2013-05-07,,,,11.73
2013-05-08,,,,11.27
2013-05-09,,,,11.97
2013-05-10,,,,11.15
2013-05-13,,,,13.08
2013-05-14,,,,13.33
2013-05-15,,,,13.63
2013-05-16,,,,13.27
2013-05-17,,,,12.6
2013-05-20,,,,13.14
2013-05-21,,,,13.56
2013-05-22,,,,14.05
2013-05-23,,,,14.07
2013-05-24,,,,13.19
2013-05-28,,,,15.6
2013-05-29,,,,15.76
2013-05-30,,,,14.69
2013-05-31,,,,16.7
2013-06-03,,,,17.24
2013-06-04,,,,16.89
2013-06-05,,,,18.54
2013-06-06,,,,17.25
2013-06-07,,,,14.21
2013-06-10,,,,15.16
2013-06-11,,,,17.47
2013-06-12,,,,19.1
2013-06-13,,,,15.62
2013-06-14,,,,16.9
2013-06-17,,,,17.24
2013-06-18,,,,17.62
2013-06-19,,,,17.62
2013-06-20,,,,23.4
2013-06-21,,,,20.56
2013-06-24,,,,22.32
2013-06-25,,,,18.98
2013-06-26,,,,17.02
2013-06-27,,,,16.1
2013-06-28,,,,15.98
2013-07-01,,,,16.07
2013-07-02,,,,15.56
2013-07-03,,,,15.94
2013-07-05,,,,13.08
2013-07-08,,,,14.22
2013-07-09,,,,13.45
2013-07-10,,,,13.51
2013-07-11,,,,13.04
2013-07-12,,,,12.33
2013-07-15,,,,13.05
2013-07-16,,,,13.62
2013-07-17,,,,12.57
2013-07-18,,,,12.48
2013-07-19,,,,11.61
2013-07-22,,,,11.79
2013-07-23,,,,12.58
2013-07-24,,,,13.13
2013-07-25,,,,12.82
2013-07-26,,,,11.97
2013-07-29,,,,13.23
2013-07-30,,,,13.53
2013-07-31,,,,13.33
2013-08-01,,,,12.25
2013-08-02,,,,10.2
2013-08-05,,,,10.61
2013-08-06,,,,11.8
2013-08-07,,,,11.95
2013-08-08,,,,11.52
2013-08-09,,,,13.23
2013-08-12,,,,13.68
2013-08-13,,,,12.67
2013-08-14,,,,13.28
2013-08-15,,,,16.43
2013-08-16,,,,15.71
2013-08-19,,,,15.49
2013-08-20,,,,14.27
2013-08-21,,,,15.21
2013-08-22,,,,12.99
2013-08-23,,,,11.82
2013-08-26,,,,13.93
2013-08-27,,,,16.04
2013-08-28,,,,15.47
2013-08-29,,,,15.41
2013-08-30,,,,15.87
2013-09-03,,,,15.97
2013-09-04,,,,14.28
2013-09-05,,,,14.38
2013-09-06,,,,14.57
2013-09-09,,,,15.01
2013-09-10,,,,13.35
2013-09-11,,,,12.31
2013-09-12,,,,13.03
2013-09-13,,,,12.6
2013-09-16,,,,14.04
2013-09-17,,,,14.49
2013-09-18,,,,13.4
2013-09-19,,,,12.03
2013-09-20,,,,12.42
2013-09-23,,,,13.97
2013-09-24,,,,13.75
2013-09-25,,,,13.79
2013-09-26,,,,14.12
2013-09-27,,,,16.22
2013-09-30,,,,17.73
2013-10-01,,,,14.67
2013-10-02,,,,15.81
2013-10-03,,,,17.58
2013-10-04,,,,16.62
2013-10-07,,,,20.18
2013-10-08,,,,21.87
2013-10-09,,,,20.39
2013-10-10,,,,17.34
2013-10-11,,,,16.8
2013-10-14,,,,19.1
2013-10-15,,,,23.54
2013-10-16,,,,16.18
2013-10-17,,,,12.93
2013-10-18,,,,12.91
2013-10-21,,,,12.79
2013-10-22,,,,12.73
2013-10-23,,,,12.37
2013-10-24,,,,11.95
2013-10-25,,,,11.59
2013-10-28,,,,12.03
2013-10-29,,,,12.57
2013-10-30,,,,12.98
2013-10-31,,,,12.62
2013-11-01,,,,12.1
2013-11-04,,,,11.81
2013-11-05,,,,12.14
2013-11-06,,,,11.61
2013-11-07,,,,13.19
2013-11-08,,,,11.97
2013-11-11,,,,12.63
2013-11-12,,,,13.02
2013-11-13,,,,12.75
2013-11-14,,,,11.69
2013-11-15,,,,11.16
2013-11-18,,,,11.8
2013-11-19,11.9,12.65,11.69,11.87
2013-11-20,11.76,12.35,9.75,12.03
2013-11-21,11.98,11.98,10.71,10.71
2013-11-22,10.7,11.0,10.27,10.34
2013-11-25,11.67,11.97,11.19,11.52
2013-11-26,11.36,11.94,11.13,11.55
2013-11-27,11.35,11.92,11.04,11.66
2013-11-29,11.79,13.59,11.79,13.59
2013-12-02,13.99,14.65,13.61,14.3
2013-12-03,15.07,15.68,14.43,14.68
2013-12-04,15.24,16.72,13.99,14.71
2013-12-05,15.22,16.07,14.79,15.42
2013-12-06,13.32,13.33,12.69,12.7
2013-12-09,14.16,14.26,13.5,13.52
2013-12-10,14.2,14.87,14.01,14.65
2013-12-11,14.87,17.37,14.86,17.36
2013-12-12,17.43,17.81,16.24,16.61
2013-12-13,16.0,17.26,15.78,17.23
2013-12-16,17.15,17.33,16.75,17.12
2013-12-17,17.0,17.65,16.36,17.06
2013-12-18,17.03,17.94,12.64,12.95
2013-12-19,11.97,12.89,11.35,12.78
2013-12-20,11.35,12.91,11.16,12.73
2013-12-23,12.73,12.96,11.92,12.23
2013-12-24,11.6,11.78,11.11,11.11
2013-12-26,11.49,11.67,10.6,10.92
2013-12-27,11.12,12.2,11.12,11.48
2013-12-30,12.51,13.23,12.5,12.99
2013-12-31,12.89,14.67,12.74,13.75
2014-01-02,14.52,14.87,13.82,13.83
2014-01-03,13.59,13.63,12.17,12.17
2014-01-06,12.46,13.53,12.04,12.51
2014-01-07,12.66,12.71,11.39,11.57
2014-01-08,11.95,12.08,11.59,11.62
2014-01-09,11.67,12.27,11.55,11.75
2014-01-10,10.95,11.55,9.97,9.97
2014-01-13,11.36,13.76,10.97,13.09
2014-01-14,12.62,12.62,11.11,11.31
2014-01-15,10.86,11.16,10.47,10.64
2014-01-16,11.05,11.49,10.82,11.09
2014-01-17,10.9,11.76,10.5,11.46
2014-01-21,12.03,13.54,12.03,12.46
2014-01-22,12.23,12.96,12.11,12.3
2014-01-23,13.51,15.67,13.51,14.21
2014-01-24,15.93,21.17,15.83,20.84
2014-01-27,19.96,21.85,18.42,19.04
2014-01-28,18.98,18.98,17.05,17.29
2014-01-29,20.76,21.06,17.57,19.4
2014-01-30,17.7,18.37,16.31,17.95
2014-01-31,20.02,20.11,17.73,19.32
2014-02-03,20.39,24.23,18.91,23.95
2014-02-04,21.78,21.91,19.36,20.37
2014-02-05,21.23,22.97,20.35,21.3
2014-02-06,20.14,20.14,18.03,18.67
2014-02-07,16.18,16.54,14.36,14.51
2014-02-10,15.11,15.31,13.77,14.22
2014-02-11,14.29,14.29,12.45,13.04
2014-02-12,12.86,13.38,12.41,12.67
2014-02-13,14.27,14.27,11.96,12.06
2014-02-14,12.14,12.14,10.76,10.84
2014-02-18,12.74,13.3,12.07,12.18
2014-02-19,12.69,14.07,12.15,13.9
2014-02-20,13.68,14.36,13.12,13.25
2014-02-21,13.08,13.39,12.6,13.04
2014-02-24,14.32,14.32,13.24,13.55
2014-02-25,13.34,14.44,12.81,12.86
2014-02-26,12.93,13.84,12.49,13.27
2014-02-27,13.44,13.76,12.42,12.42
2014-02-28,12.74,14.21,12.11,13.03
2014-03-03,17.12,17.74,15.27,16.21
2014-03-04,13.56,13.69,12.84,13.22
2014-03-05,13.18,13.52,12.49,12.49
2014-03-06,12.49,13.32,12.49,13.08
2014-03-07,12.09,13.72,12.09,12.74
2014-03-10,14.57,15.03,13.11,13.14
2014-03-11,13.4,14.57,12.77,14.13
2014-03-12,15.35,15.76,13.84,13.85
2014-03-13,13.79,18.16,13.65,17.21
2014-03-14,18.3,21.44,17.2,20.64
2014-03-17,18.34,18.34,15.87,15.87
2014-03-18,15.35,15.54,13.5,14.23
2014-03-19,14.26,16.36,11.79,15.0
2014-03-20,15.29,15.64,14.15,14.22
2014-03-21,12.92,15.12,12.65,14.7
2014-03-24,14.88,17.44,14.72,15.3
2014-03-25,13.94,15.4,13.24,13.87
2014-03-26,13.23,15.76,13.1,15.56
2014-03-27,15.33,16.46,14.87,15.17
2014-03-28,14.28,15.31,13.6,14.41
2014-03-31,14.09,14.33,13.27,13.75
2014-04-01,13.09,13.34,12.24,12.29
2014-04-02,12.39,12.63,11.88,12.13
2014-04-03,12.07,12.78,11.91,12.53
2014-04-04,11.63,14.33,11.31,13.18
2014-04-07,15.21,17.12,14.58,16.08
2014-04-08,16.16,17.03,14.37,14.51
2014-04-09,14.47,15.07,12.48,12.69
2014-04-10,13.15,17.36,12.73,16.5
2014-04-11,17.97,18.74,16.27,17.64
2014-04-14,16.44,17.91,15.95,16.0
2014-04-15,16.05,18.31,15.03,15.03
2014-04-16,14.07,15.2,13.3,13.52
2014-04-17,13.3,13.55,11.3,11.68
2014-04-21,14.03,14.14,12.94,12.99
2014-04-22,12.81,13.11,12.44,12.51
2014-04-23,12.69,13.41,12.61,12.67
2014-04-24,12.76,14.16,12.76,13.27
2014-04-25,14.07,15.44,13.42,13.94
2014-04-28,14.33,16.48,13.87,14.08
2014-04-29,13.89,14.64,13.39,13.63
2014-04-30,14.1,14.37,12.63,12.73
2014-05-01,12.88,13.08,11.93,12.58
2014-05-02,12.32,12.66,11.19,11.23
2014-05-05,13.42,13.78,11.93,12.25
2014-05-06,12.83,13.23,12.13,13.19
2014-05-07,12.7,14.39,12.53,12.82
2014-05-08,13.03,13.26,12.01,12.51
2014-05-09,12.61,13.34,11.06,11.17
2014-05-12,11.61,11.87,10.98,11.2
2014-05-13,11.35,11.41,10.5,10.75
2014-05-14,10.88,11.51,10.44,11.16
2014-05-15,11.38,14.09,11.38,13.35
2014-05-16,12.62,13.78,10.95,11.0
2014-05-19,12.5,12.61,10.96,11.01
2014-05-20,11.24,12.73,10.91,12.21
2014-05-21,11.18,11.42,10.43,10.47
2014-05-22,10.39,10.86,9.97,10.27
2014-05-23,10.42,10.55,9.47,9.49
2014-05-27,10.95,11.43,10.56,10.65
2014-05-28,10.81,11.2,10.46,10.58
2014-05-29,10.45,10.9,10.31,10.31
2014-05-30,10.43,10.58,9.72,9.73
2014-06-02,10.57,11.34,9.91,10.47
2014-06-03,10.82,11.13,10.16,11.01
2014-06-04,11.29,11.74,11.13,11.59
2014-06-05,11.52,11.85,10.38,10.88
2014-06-06,9.94,10.15,9.25,9.25
2014-06-09,10.48,10.54,9.75,9.77
2014-06-10,10.22,10.45,9.46,9.52
2014-06-11,10.23,10.6,9.84,10.45
2014-06-12,10.63,12.51,10.5,11.99
2014-06-13,11.9,12.23,11.39,11.48
2014-06-16,12.98,13.15,12.09,12.54
2014-06-17,12.78,12.93,12.05,12.68
2014-06-18,12.86,12.9,10.5,10.55
2014-06-19,10.18,10.41,9.5,10.07
2014-06-20,9.82,10.53,9.69,10.33
2014-06-23,11.38,11.62,9.03,10.27
2014-06-24,10.37,12.63,9.51,12.01
2014-06-25,12.68,12.7,10.79,11.11
2014-06-26,11.04,12.79,11.0,11.26
2014-06-27,11.31,11.67,10.56,10.65
2014-06-30,11.32,11.67,10.69,11.17
2014-07-01,10.6,10.7,9.89,10.05
2014-07-02,10.01,10.17,9.25,9.42
2014-07-03,8.52,9.4,8.44,8.54
2014-07-07,9.56,10.64,9.56,10.47
2014-07-08,10.85,12.63,10.5,11.64
2014-07-09,11.21,11.64,10.45,10.48
2014-07-10,13.53,13.58,11.54,12.08
2014-07-11,11.91,12.39,11.09,11.15
2014-07-14,11.02,11.26,10.48,10.62
2014-07-15,10.42,11.96,10.26,11.08
2014-07-16,9.97,10.79,9.81,10.26
2014-07-17,11.07,17.47,9.49,16.23
2014-07-18,13.5,14.12,11.99,12.05
2014-07-21,13.9,14.65,12.7,12.95
2014-07-22,11.49,11.79,11.19,11.54
2014-07-23,10.99,11.73,10.76,10.83
2014-07-24,10.49,11.28,10.49,10.88
2014-07-25,11.17,12.31,11.17,11.84
2014-07-28,12.98,14.22,11.78,12.02
2014-07-29,11.58,13.65,10.96,13.47
2014-07-30,12.38,14.97,12.26,13.29
2014-07-31,15.1,19.99,14.83,19.59
2014-08-01,18.9,20.06,16.95,19.01
2014-08-04,18.08,18.4,14.15,14.87
2014-08-05,15.72,18.0,14.74,17.18
2014-08-06,17.88,17.94,15.31,16.25
2014-08-07,15.26,18.18,14.94,16.76
2014-08-08,17.09,17.57,15.31,15.39
2014-08-11,15.69,15.71,13.95,14.84
2014-08-12,15.2,15.44,14.35,14.49
2014-08-13,13.33,13.84,12.51,12.63
2014-08-14,12.31,12.74,11.77,12.29
2014-08-15,11.56,17.06,11.55,14.34
2014-08-18,13.6,13.69,11.86,12.07
2014-08-19,11.58,11.97,10.9,11.0
2014-08-20,11.2,11.31,10.32,10.8
2014-08-21,11.04,11.4,10.77,10.94
2014-08-22,11.01,12.2,10.08,10.08
2014-08-25,10.26,10.74,10.1,10.42
2014-08-26,10.3,10.51,9.85,10.14
2014-08-27,9.99,10.45,9.81,9.89
2014-08-28,10.81,11.46,10.27,10.34
2014-08-29,10.23,11.11,9.89,10.0
2014-09-02,10.8,11.43,10.2,10.32
2014-09-03,9.85,11.03,9.85,10.83
2014-09-04,10.87,12.31,10.22,11.8
2014-09-05,11.2,12.2,10.26,10.27
2014-09-08,12.42,12.55,11.66,12.05
2014-09-09,12.72,14.08,12.21,13.33
2014-09-10,13.94,14.64,12.71,12.74
2014-09-11,14.15,14.16,12.05,12.07
2014-09-12,12.15,15.09,12.15,13.28
2014-09-15,14.58,15.71,14.56,15.27
2014-09-16,16.25,16.29,13.12,13.21
2014-09-17,13.1,14.04,10.62,11.81
2014-09-18,11.32,11.52,10.85,11.05
2014-09-19,10.09,11.56,10.02,10.41
2014-09-22,12.39,14.15,12.39,13.46
2014-09-23,15.06,15.7,13.59,15.6
2014-09-24,14.83,15.64,12.56,12.89
2014-09-25,13.62,17.85,13.57,15.94
2014-09-26,15.82,16.46,13.46,15.04
2014-09-29,19.24,19.4,15.62,16.11
2014-09-30,15.86,17.36,14.96,16.76
2014-10-01,16.92,18.67,16.16,16.72
2014-10-02,16.91,18.64,15.73,15.93
2014-10-03,14.43,15.04,13.81,13.86
2014-10-06,14.12,16.14,13.99,15.31
2014-10-07,16.39,17.85,15.84,16.9
2014-10-08,17.93,18.62,14.57,14.59
2014-10-09,15.5,22.55,15.12,21.62
2014-10-10,20.43,23.04,18.65,21.95
2014-10-13,23.29,27.25,21.41,27.22
2014-10-14,26.16,26.93,23.15,24.61
2014-10-15,30.18,39.62,26.95,31.12
2014-10-16,35.6,35.63,29.27,30.48
2014-10-17,25.29,26.98,22.37,23.81
2014-10-20,25.82,25.96,19.38,19.45
2014-10-21,18.13,18.3,16.38,16.38
2014-10-22,16.57,19.49,15.88,18.36
2014-10-23,15.77,17.72,15.29,16.12
2014-10-24,16.52,17.88,14.76,14.76
2014-10-27,17.93,18.54,16.01,16.09
2014-10-28,15.97,16.02,14.39,14.39
2014-10-29,15.0,17.06,14.23,14.9
2014-10-30,15.12,15.7,11.56,14.0
2014-10-31,13.8,15.02,13.64,13.8
2014-11-03,14.55,15.36,14.31,14.77
2014-11-04,15.02,15.97,14.73,14.81
2014-11-05,13.9,14.55,13.28,13.35
2014-11-06,13.71,14.45,12.65,12.65
2014-11-07,12.54,13.16,11.09,11.13
2014-11-10,11.65,13.03,11.32,11.32
2014-11-11,11.77,12.06,11.29,11.54
2014-11-12,13.14,16.44,11.38,11.39
2014-11-13,11.8,12.81,11.13,11.97
2014-11-14,11.72,12.88,11.3,11.35
2014-11-17,12.79,12.84,11.4,11.42
2014-11-18,11.2,11.51,10.43,11.49
2014-11-19,11.46,12.37,10.78,11.42
2014-11-20,12.15,12.19,10.78,10.91
2014-11-21,10.81,11.59,10.42,10.45
2014-11-24,11.56,11.85,11.0,11.15
2014-11-25,11.11,11.84,10.8,10.81
2014-11-26,11.0,11.57,10.82,11.12
2014-11-28,11.81,13.48,11.5,12.98
2014-12-01,14.34,15.39,14.04,14.63
2014-12-02,14.2,14.24,12.56,12.57
2014-12-03,12.53,12.69,11.87,12.16
2014-12-04,12.3,13.1,11.69,11.88
2014-12-05,11.53,12.62,10.32,10.7
2014-12-08,13.16,17.84,11.74,15.47
2014-12-09,18.93,20.62,15.15,15.27
2014-12-10,15.9,27.23,15.9,21.71
2014-12-11,20.1,22.08,16.93,22.08
2014-12-12,23.28,26.12,19.88,23.82
2014-12-15,21.16,25.47,20.23,21.16
2014-12-16,23.22,24.45,18.54,24.25
2014-12-17,23.8,24.56,17.7,18.04
2014-12-18,15.94,16.34,14.06,14.46
2014-12-19,14.23,14.57,13.02,13.77
2014-12-22,14.34,14.64,12.47,12.7
2014-12-23,11.87,12.43,10.93,11.1
2014-12-24,10.92,11.01,9.94,10.35
2014-12-26,11.45,12.54,11.12,12.09
2014-12-29,14.72,14.84,12.47,12.79
2014-12-30,13.98,14.28,13.18,13.86
2014-12-31,13.65,20.12,13.62,18.95
2015-01-02,16.85,20.19,16.01,16.47
2015-01-05,19.34,21.71,19.26,19.45
2015-01-06,19.88,22.96,18.62,20.53
2015-01-07,18.59,19.58,17.52,17.59
2015-01-08,15.97,16.37,15.04,15.04
2015-01-09,13.89,17.26,13.89,15.2
2015-01-12,16.86,20.1,16.81,18.2
2015-01-13,16.45,21.18,15.65,19.63
2015-01-14,23.55,23.77,21.2,21.23
2015-01-15,21.69,25.23,21.2,23.73
2015-01-16,23.98,24.91,21.48,21.48
2015-01-20,22.56,24.84,21.87,21.94
2015-01-21,22.62,23.39,20.19,20.36
2015-01-22,19.0,20.77,15.2,15.58
2015-01-23,16.34,16.89,14.47,16.08
2015-01-26,17.47,18.2,14.89,14.89
2015-01-27,18.22,19.12,16.39,17.56
2015-01-28,17.11,27.85,17.0,21.78
2015-01-29,21.59,22.97,18.78,18.78
2015-01-30,20.69,22.76,19.54,21.17
2015-02-02,21.47,24.12,19.14,19.39
2015-02-03,18.17,18.9,16.45,16.54
2015-02-04,17.22,17.49,15.41,17.48
2015-02-05,16.28,16.48,15.31,15.31
2015-02-06,14.69,16.97,13.79,14.93
2015-02-09,18.13,18.14,16.37,16.88
2015-02-10,15.62,16.54,14.66,15.2
2015-02-11,15.19,15.87,14.28,14.28
2015-02-12,13.36,13.93,12.36,12.36
2015-02-13,12.61,12.8,11.76,11.76
2015-02-17,14.11,14.86,12.95,13.55
2015-02-18,14.18,14.25,12.39,12.4
2015-02-19,13.18,13.47,12.2,12.34
2015-02-20,13.01,13.66,11.74,11.74
2015-02-23,13.43,13.68,12.15,12.16
2015-02-24,12.2,12.54,10.6,10.94
2015-02-25,11.1,12.18,10.44,11.64
2015-02-26,11.56,12.37,11.18,11.38
2015-02-27,11.67,11.88,10.6,10.6
2015-03-02,11.86,11.9,10.71,10.85
2015-03-03,11.35,12.99,11.21,11.81
2015-03-04,12.54,14.02,12.12,12.28
2015-03-05,12.24,12.87,11.97,12.16
2015-03-06,13.16,15.16,12.64,14.31
2015-03-09,15.64,15.64,13.95,14.2
2015-03-10,16.34,16.95,15.62,16.72
2015-03-11,16.39,17.13,16.12,16.78
2015-03-12,16.28,16.28,14.95,15.04
2015-03-13,14.93,16.9,14.92,15.25
2015-03-16,15.78,16.3,15.53,16.15
2015-03-17,16.95,17.48,16.22,16.72
2015-03-18,17.74,18.4,13.36,13.85
2015-03-19,14.16,14.58,12.66,12.89
2015-03-20,12.2,12.21,10.55,10.73
2015-03-23,12.0,12.03,11.33,12.03
2015-03-24,11.99,12.37,10.67,12.24
2015-03-25,12.13,15.43,12.05,15.28
2015-03-26,17.04,18.01,15.43,15.92
2015-03-27,15.89,16.04,14.64,14.69
2015-03-30,14.98,14.98,14.01,14.31
2015-03-31,15.31,15.89,13.51,15.5
2015-04-01,15.22,17.26,14.18,14.29
2015-04-02,14.54,14.75,13.11,13.91
2015-04-06,15.99,16.06,13.68,14.16
2015-04-07,13.88,14.05,12.96,13.9
2015-04-08,13.81,14.02,12.8,12.8
2015-04-09,13.04,13.56,11.41,11.41
2015-04-10,11.5,11.56,9.91,9.91
2015-04-13,11.28,12.79,10.95,12.49
2015-04-14,12.6,13.44,11.64,11.72
2015-04-15,11.56,11.59,10.51,10.59
2015-04-16,11.21,11.65,10.45,10.74
2015-04-17,12.6,14.44,12.21,12.91
2015-04-20,13.2,13.2,11.83,12.62
2015-04-21,11.99,12.96,11.9,12.58
2015-04-22,12.3,13.5,11.8,11.83
2015-04-23,12.49,12.49,11.28,11.84
2015-04-24,11.52,12.11,10.83,10.86
2015-04-27,11.75,13.07,11.75,12.72
2015-04-28,12.9,14.19,11.81,11.87
2015-04-29,13.54,14.99,12.49,13.26
2015-04-30,13.87,16.07,12.94,15.06
2015-05-01,13.98,14.09,11.75,11.77
2015-05-04,12.84,13.37,11.9,12.01
2015-05-05,12.74,14.75,12.04,14.64
2015-05-06,14.11,17.8,14.01,16.05
2015-05-07,16.48,17.09,15.27,15.59
2015-05-08,12.54,12.54,11.13,11.32
2015-05-11,12.82,13.41,12.11,13.41
2015-05-12,14.93,15.67,13.41,13.82
2015-05-13,13.28,14.06,12.43,13.49
2015-05-14,12.41,12.74,11.48,11.59
2015-05-15,11.12,12.11,10.68,10.77
2015-05-18,11.74,11.99,10.7,11.01
2015-05-19,11.22,11.74,10.49,11.15
2015-05-20,11.17,11.65,10.24,10.48
2015-05-21,11.04,11.05,9.8,9.95
2015-05-22,10.44,10.51,9.46,9.6
2015-05-26,12.47,14.27,12.13,13.32
2015-05-27,13.51,13.86,11.62,11.93
2015-05-28,12.39,13.63,12.22,12.23
2015-05-29,12.73,14.42,12.65,13.67
2015-06-01,14.05,15.66,12.96,13.85
2015-06-02,14.74,15.54,12.89,13.99
2015-06-03,13.04,13.9,12.34,12.7
2015-06-04,14.65,16.28,13.61,15.02
2015-06-05,15.24,16.29,13.68,13.7
2015-06-08,15.78,16.24,15.39,15.89
2015-06-09,15.93,16.39,14.77,15.05
2015-06-10,14.69,14.8,12.92,13.32
2015-06-11,12.96,13.04,12.14,12.38
2015-06-12,13.05,14.36,13.01,14.16
2015-06-15,17.09,17.47,16.08,16.68
2015-06-16,16.97,17.19,16.26,16.29
2015-06-17,16.06,17.27,14.26,15.22
2015-06-18,14.33,14.33,12.37,13.11
2015-06-19,13.03,14.32,12.67,14.32
2015-06-22,14.33,14.33,12.53,13.15
2015-06-23,12.64,12.95,11.9,12.17
2015-06-24,12.95,14.81,12.1,14.81
2015-06-25,13.75,15.34,13.67,15.13
2015-06-26,15.26,16.81,14.43,15.49
2015-06-29,19.34,23.54,17.78,22.56
2015-06-30,20.84,23.31,20.44,20.93
2015-07-01,18.93,19.2,17.17,17.23
2015-07-02,16.19,18.9,16.15,17.97
2015-07-06,20.0,20.07,16.65,16.65
2015-07-07,17.06,19.68,15.57,15.91
2015-07-08,17.66,21.64,17.57,20.96
2015-07-09,18.12,22.06,17.9,22.06
2015-07-10,18.33,19.11,17.11,17.24
2015-07-13,15.62,15.63,13.23,13.32
2015-07-14,13.15,13.28,11.46,12.18
2015-07-15,12.26,13.51,11.04,12.4
2015-07-16,10.91,10.93,10.01,10.35
2015-07-17,10.02,10.32,9.58,9.72
2015-07-20,10.75,11.35,10.04,11.1
2015-07-21,11.23,12.01,11.0,11.32
2015-07-22,12.01,12.07,11.18,11.2
2015-07-23,11.29,12.84,11.0,11.91
2015-07-24,12.04,15.55,12.04,13.05
2015-07-27,16.53,17.74,15.66,16.61
2015-07-28,15.66,16.59,13.46,13.62
2015-07-29,14.06,14.12,11.8,12.18
2015-07-30,12.62,13.75,11.06,11.06
2015-07-31,10.94,11.83,10.49,10.67
2015-08-03,12.19,13.75,11.61,12.12
2015-08-04,12.21,12.82,11.72,12.42
2015-08-05,10.87,12.0,10.24,11.51
2015-08-06,11.42,14.44,11.33,13.66
2015-08-07,13.39,14.65,13.04,13.04
2015-08-10,12.76,12.76,11.35,11.44
2015-08-11,13.3,15.1,12.56,14.13
2015-08-12,16.61,18.53,13.88,14.27
2015-08-13,14.02,14.98,12.66,13.63
2015-08-14,13.52,13.88,11.77,11.77
2015-08-17,14.07,14.49,11.17,11.29
2015-08-18,11.68,12.52,11.23,12.14
2015-08-19,13.71,15.68,12.08,14.34
2015-08-20,16.71,21.44,15.96,20.88
2015-08-21,25.78,39.3,23.23,38.96
2015-08-24,38.96,81.94,36.5,54.61
2015-08-25,39.5,47.51,32.98,44.92
2015-08-26,38.53,45.75,35.48,37.88
2015-08-27,32.27,34.61,27.29,28.89
2015-08-28,29.51,32.65,27.11,27.11
2015-08-31,29.5,31.83,26.18,28.26
2015-09-01,33.06,34.37,29.31,31.21
2015-09-02,28.37,29.41,23.15,24.26
2015-09-03,23.75,25.06,21.55,23.99
2015-09-04,26.67,29.4,24.9,26.88
2015-09-08,25.55,27.48,24.36,24.42
2015-09-09,24.3,29.1,24.3,27.9
2015-09-10,28.62,30.24,26.11,26.11
2015-09-11,27.31,28.02,23.28,23.43
2015-09-14,26.41,27.48,25.26,25.52
2015-09-15,25.38,25.87,23.49,24.62
2015-09-16,24.82,25.23,23.12,23.75
2015-09-17,24.68,26.04,17.5,22.25
2015-09-18,23.95,24.61,21.2,21.78
2015-09-21,22.69,23.06,19.6,19.61
2015-09-22,24.21,25.69,23.12,23.45
2015-09-23,23.49,24.0,21.45,22.46
2015-09-24,25.03,26.83,22.63,24.22
2015-09-25,21.31,24.78,21.23,22.89
2015-09-28,26.69,31.13,25.61,30.26
2015-09-29,29.55,31.06,27.96,28.56
2015-09-30,26.24,27.37,24.48,25.7
2015-10-01,22.84,24.94,21.91,21.93
2015-10-02,24.14,24.51,19.21,19.35
2015-10-05,19.88,20.61,18.56,19.02
2015-10-06,18.82,19.8,17.74,18.19
2015-10-07,17.19,18.54,16.32,16.39
2015-10-08,16.96,17.49,15.06,15.47
2015-10-09,14.89,16.58,14.2,14.27
2015-10-12,16.17,16.43,14.51,14.73
2015-10-13,15.99,16.66,14.48,16.53
2015-10-14,16.45,18.19,15.93,16.9
2015-10-15,16.72,17.22,13.84,13.85
2015-10-16,13.7,14.55,12.86,12.89
2015-10-19,14.88,15.26,13.64,13.87
2015-10-20,14.79,15.68,13.94,15.01
2015-10-21,14.58,16.7,14.18,16.67
2015-10-22,15.19,15.72,13.1,13.1
2015-10-23,13.57,14.57,12.79,13.15
2015-10-26,14.61,15.64,14.53,15.2
2015-10-27,16.28,16.75,15.39,16.31
2015-10-28,16.12,21.12,14.02,14.57
2015-10-29,15.26,16.15,14.26,14.54
2015-10-30,14.55,15.28,13.31,14.31
2015-11-02,15.38,15.38,12.94,13.68
2015-11-03,13.92,14.08,12.84,13.81
2015-11-04,12.96,15.75,12.87,14.76
2015-11-05,14.81,16.33,14.2,14.22
2015-11-06,13.59,15.4,12.54,12.6
2015-11-09,14.88,17.87,14.75,16.39
2015-11-10,16.74,17.2,14.1,14.29
2015-11-11,14.16,15.68,14.08,15.6
2015-11-12,16.77,18.39,15.87,18.39
2015-11-13,18.77,21.34,18.2,20.43
2015-11-16,21.11,21.2,16.29,16.81
2015-11-17,16.5,18.32,15.32,17.02
2015-11-18,16.56,16.58,13.33,13.33
2015-11-19,13.37,14.28,13.16,13.62
2015-11-20,12.98,13.44,12.4,12.4
2015-11-23,14.83,15.1,13.45,14.07
2015-11-24,16.06,17.06,14.39,14.54
2015-11-25,14.49,15.05,14.14,14.35
2015-11-27,14.75,15.8,13.94,14.21
2015-11-30,15.19,17.37,15.15,16.6
2015-12-01,15.57,16.78,13.95,13.99
2015-12-02,14.54,17.1,13.96,15.97
2015-12-03,16.01,20.57,15.97,18.71
2015-12-04,17.42,17.81,13.64,13.65
2015-12-07,15.94,18.07,15.88,16.0
2015-12-08,19.02,20.09,17.52,18.81
2015-12-09,19.77,22.99,18.08,22.07
2015-12-10,21.48,22.08,19.16,20.42
2015-12-11,23.34,29.88,22.94,28.0
2015-12-14,30.71,34.18,25.28,25.78
2015-12-15,24.04,24.04,22.29,23.05
2015-12-16,22.38,24.7,17.87,18.81
2015-12-17,15.9,19.5,15.85,18.88
2015-12-18,18.91,20.16,18.22,19.38
2015-12-21,19.16,19.53,17.55,17.55
2015-12-22,16.34,17.07,14.73,15.06
2015-12-23,14.39,14.95,13.2,13.64
2015-12-24,13.55,13.75,12.97,13.47
2015-12-28,16.76,17.42,15.76,15.79
2015-12-29,14.73,16.33,14.35,14.74
2015-12-30,15.01,16.22,15.01,15.96
2015-12-31,16.94,18.1,16.19,17.52
2016-01-04,24.72,25.79,21.34,21.93
2016-01-05,21.73,22.09,19.08,19.37
2016-01-06,22.37,22.77,20.11,20.6
2016-01-07,24.16,27.58,23.63,26.19
2016-01-08,23.0,28.3,22.58,27.98
2016-01-11,26.68,28.34,23.47,24.21
2016-01-12,23.06,23.75,21.42,22.3
2016-01-13,21.48,26.87,21.08,25.57
2016-01-14,25.21,27.53,23.68,24.63
2016-01-15,32.1,35.47,28.96,29.6
2016-01-19,28.83,32.52,28.43,30.43
2016-01-20,34.12,38.55,31.27,32.85
2016-01-21,32.4,33.67,28.2,29.99
2016-01-22,26.17,26.29,22.55,22.59
2016-01-25,25.03,26.32,23.48,26.04
2016-01-26,25.75,26.0,24.06,24.25
2016-01-27,25.22,26.85,23.51,24.51
2016-01-28,23.4,25.26,22.79,23.4
2016-01-29,22.47,22.48,18.85,19.37
2016-02-01,21.62,22.3,19.25,19.68
2016-02-02,21.59,23.06,21.35,22.19
2016-02-03,21.71,25.2,21.67,22.35
2016-02-04,23.21,23.97,21.56,21.75
2016-02-05,21.7,23.87,21.56,22.96
2016-02-08,26.57,28.88,25.99,26.4
2016-02-09,29.78,30.28,26.01,26.84
2016-02-10,25.64,26.25,23.96,25.53
2016-02-11,29.57,30.04,27.16,27.36
2016-02-12,26.0,26.49,22.15,22.71
2016-02-16,23.96,24.61,21.56,21.81
2016-02-17,20.98,21.54,20.07,20.27
2016-02-18,20.25,20.7,18.71,19.53
2016-02-19,20.57,21.15,18.18,18.22
2016-02-22,19.54,19.7,17.8,18.39
2016-02-23,19.04,21.16,18.66,20.69
2016-02-24,22.59,23.34,20.47,20.72
2016-02-25,20.47,21.37,17.79,17.79
2016-02-26,17.69,19.22,17.69,18.56
2016-02-29,20.57,20.78,18.77,20.36
2016-03-01,19.6,20.0,16.92,17.04
2016-03-02,17.55,18.18,15.03,15.78
2016-03-03,16.24,16.74,15.53,15.91
2016-03-04,15.83,16.72,14.86,15.86
2016-03-07,18.6,18.74,17.14,17.66
2016-03-08,19.33,19.73,18.45,19.17
2016-03-09,19.2,19.95,18.72,18.79
2016-03-10,18.33,19.86,16.98,17.66
2016-03-11,16.37,16.72,15.18,15.2
2016-03-14,16.54,17.19,15.66,15.99
2016-03-15,16.97,17.25,16.21,16.46
2016-03-16,17.2,17.2,14.02,14.07
2016-03-17,14.4,14.4,12.44,13.05
2016-03-18,12.76,13.0,12.32,12.47
2016-03-21,14.01,14.27,12.47,12.77
2016-03-22,13.89,14.12,12.64,13.14
2016-03-23,13.47,13.9,13.17,13.36
2016-03-24,15.27,15.42,12.33,12.35
2016-03-28,14.59,15.08,13.5,14.07
2016-03-29,14.7,14.94,12.06,12.17
2016-03-30,12.15,12.34,11.39,11.87
2016-03-31,12.09,12.79,11.67,12.25
2016-04-01,13.82,13.84,10.72,10.92
2016-04-04,12.4,12.89,11.82,12.5
2016-04-05,14.23,14.53,13.48,13.96
2016-04-06,14.43,14.69,12.15,12.56
2016-04-07,14.09,16.15,13.4,15.2
2016-04-08,14.09,14.53,12.97,13.59
2016-04-11,14.28,15.6,13.64,15.59
2016-04-12,15.2,16.02,13.71,13.71
2016-04-13,13.59,13.59,12.3,12.45
2016-04-14,12.76,12.91,11.84,12.32
2016-04-15,12.52,12.98,12.18,12.2
2016-04-18,14.5,14.5,12.7,12.86
2016-04-19,12.96,13.76,12.69,12.86
2016-04-20,12.41,13.04,12.19,12.8
2016-04-21,12.9,13.63,12.78,13.18
2016-04-22,13.29,13.43,11.73,11.93
2016-04-25,14.07,14.49,13.53,13.62
2016-04-26,13.54,14.06,13.14,13.5
2016-04-27,14.12,14.64,12.42,12.81
2016-04-28,13.76,15.05,12.18,14.55
2016-04-29,15.33,17.07,14.77,14.79
2016-05-02,15.85,15.9,13.59,13.77
2016-05-03,15.48,16.37,14.6,15.17
2016-05-04,16.28,16.72,15.32,15.47
2016-05-05,15.4,16.16,15.02,15.37
2016-05-06,15.67,15.74,13.2,13.38
2016-05-09,14.85,14.98,13.51,13.86
2016-05-10,13.19,13.32,12.75,12.8
2016-05-11,12.71,13.75,12.55,13.75
2016-05-12,13.01,15.16,12.91,13.46
2016-05-13,13.75,14.68,12.66,14.15
2016-05-16,15.91,15.91,13.24,13.59
2016-05-17,14.0,15.93,13.5,15.11
2016-05-18,15.45,16.5,14.15,15.34
2016-05-19,16.32,17.48,15.28,15.28
2016-05-20,14.66,14.66,12.62,12.73
2016-05-23,14.49,14.49,13.15,13.6
2016-05-24,13.17,13.22,11.75,11.91
2016-05-25,11.73,11.75,11.24,11.41
2016-05-26,11.41,11.83,10.46,10.46
2016-05-27,10.69,11.16,9.73,9.77
2016-05-31,11.66,13.05,11.45,11.85
2016-06-01,12.86,13.26,11.6,11.61
2016-06-02,12.51,12.73,10.99,11.01
2016-06-03,11.47,12.27,9.97,10.11
2016-06-06,11.68,12.01,11.03,11.26
2016-06-07,11.27,11.65,10.98,11.56
2016-06-08,11.54,11.68,10.61,10.89
2016-06-09,12.05,12.42,11.9,12.23
2016-06-10,14.22,16.37,14.11,15.83
2016-06-13,19.94,23.13,19.17,22.94
2016-06-14,24.91,25.46,21.97,23.35
2016-06-15,23.45,23.72,18.71,22.6
2016-06-16,24.86,26.94,21.48,21.89
2016-06-17,22.16,22.81,21.21,22.0
2016-06-20,20.51,22.59,19.61,22.21
2016-06-21,21.9,23.13,21.45,22.47
2016-06-22,22.97,27.93,22.19,27.86
2016-06-23,22.96,23.56,20.89,21.13
2016-06-24,29.89,31.34,23.34,30.71
2016-06-27,30.04,30.86,24.08,25.06
2016-06-28,22.12,22.12,18.74,19.08
2016-06-29,17.64,17.73,14.97,15.86
2016-06-30,15.22,15.5,12.86,14.05
2016-07-01,13.11,13.17,11.82,11.85
2016-07-05,14.73,15.33,14.02,14.19
2016-07-06,15.44,16.19,13.15,13.18
2016-07-07,13.21,14.37,12.49,13.11
2016-07-08,11.74,12.07,11.15,11.43
2016-07-11,12.21,12.76,11.98,12.23
2016-07-12,11.6,12.87,11.6,12.25
2016-07-13,12.32,12.61,10.91,11.11
2016-07-14,11.76,11.77,10.61,10.93
2016-07-15,10.66,10.91,9.71,10.26
2016-07-18,11.68,11.73,10.93,10.99
2016-07-19,11.26,11.8,10.96,11.02
2016-07-20,10.8,11.09,10.24,10.43
2016-07-21,10.8,12.24,10.41,11.5
2016-07-22,11.33,11.58,10.02,10.22
2016-07-25,12.04,13.09,11.87,11.93
2016-07-26,12.24,12.91,11.83,11.98
2016-07-27,11.7,13.09,11.18,11.61
2016-07-28,11.84,12.54,11.32,11.79
2016-07-29,11.14,11.5,9.9,10.01
2016-08-01,11.33,11.97,10.72,11.1
2016-08-02,11.55,13.53,11.47,12.35
2016-08-03,12.65,13.02,11.1,11.29
2016-08-04,11.03,11.46,10.43,10.8
2016-08-05,9.92,9.96,9.0,9.18
2016-08-08,10.65,10.65,10.05,10.1
2016-08-09,9.87,10.78,9.36,10.49
2016-08-10,10.41,11.27,10.28,10.68
2016-08-11,10.32,10.54,9.67,9.74
2016-08-12,10.42,10.42,9.26,9.54
2016-08-15,10.44,10.45,9.62,9.72
2016-08-16,10.34,11.21,10.22,10.87
2016-08-17,10.98,13.21,10.57,10.76
2016-08-18,10.85,11.16,9.71,9.9
2016-08-19,10.37,10.99,9.25,9.4
2016-08-22,11.98,12.14,10.71,10.95
2016-08-23,10.39,11.38,10.18,11.37
2016-08-24,11.58,13.81,11.43,12.67
2016-08-25,13.34,13.53,12.21,12.77
2016-08-26,12.66,14.09,10.38,12.1
2016-08-29,13.32,13.34,11.1,11.14
2016-08-30,10.85,11.9,10.85,11.21
2016-08-31,11.3,13.09,11.2,11.64
2016-09-01,11.78,13.79,11.57,11.89
2016-09-02,9.71,10.14,9.02,9.1
2016-09-06,10.47,11.18,9.9,9.98
2016-09-07,10.23,10.53,9.8,9.8
2016-09-08,10.64,11.15,10.48,10.99
2016-09-09,12.94,18.8,12.92,18.78
2016-09-12,23.36,23.51,15.58,16.03
2016-09-13,17.71,21.4,17.53,19.55
2016-09-14,19.58,19.88,17.56,19.38
2016-09-15,18.93,19.13,16.39,17.0
2016-09-16,17.32,17.86,15.27,15.27
2016-09-19,16.03,16.95,15.24,16.31
2016-09-20,15.9,17.38,15.77,17.22
2016-09-21,16.13,17.88,12.63,12.83
2016-09-22,11.45,11.66,10.44,10.79
2016-09-23,11.35,11.96,10.76,11.39
2016-09-26,14.45,15.82,13.96,15.67
2016-09-27,15.92,15.92,12.7,12.8
2016-09-28,12.5,13.5,11.53,11.72
2016-09-29,12.03,16.94,11.21,14.71
2016-09-30,13.37,14.31,11.65,12.37
2016-10-03,13.93,14.27,12.8,13.0
2016-10-04,12.55,14.45,11.95,12.95
2016-10-05,12.38,12.53,11.59,12.03
2016-10-06,12.43,13.04,11.41,11.47
2016-10-07,11.32,13.16,11.23,11.47
2016-10-10,11.28,11.43,10.57,10.81
2016-10-11,11.53,15.34,11.53,13.34
2016-10-12,13.62,14.27,12.61,13.16
2016-10-13,15.2,16.06,13.68,14.07
2016-10-14,12.52,13.38,11.89,12.94
2016-10-17,14.38,14.99,13.69,13.81
2016-10-18,12.86,13.3,12.13,12.45
2016-10-19,11.77,12.26,11.36,11.97
2016-10-20,12.09,12.3,11.03,11.07
2016-10-21,11.94,12.1,10.56,10.68
2016-10-24,11.08,11.57,11.0,11.35
2016-10-25,11.73,12.52,11.57,11.9
2016-10-26,13.11,13.61,12.23,12.58
2016-10-27,12.56,14.62,12.56,14.59
2016-10-28,14.87,18.64,13.8,16.69
2016-10-31,19.23,20.91,18.92,20.19
2016-11-01,20.74,25.76,20.73,22.86
2016-11-02,24.15,24.88,23.25,24.16
2016-11-03,24.12,28.77,24.0,27.9
2016-11-04,27.95,29.79,27.21,28.82
2016-11-07,25.99,25.99,23.42,24.67
2016-11-08,26.36,26.72,22.54,25.31
2016-11-09,20.18,20.28,15.36,15.36
2016-11-10,14.12,17.32,13.1,14.12
2016-11-11,14.54,15.7,12.68,12.84
2016-11-14,13.93,14.38,12.3,12.51
2016-11-15,12.18,12.19,10.16,10.64
2016-11-16,11.44,11.51,9.3,9.52
2016-11-17,9.47,9.75,8.98,9.38
2016-11-18,9.6,9.62,8.61,8.63
2016-11-21,10.19,10.39,9.47,10.0
2016-11-22,10.04,10.73,9.97,10.2
2016-11-23,10.44,10.87,9.88,10.06
2016-11-25,10.92,11.09,10.33,10.43
2016-11-28,12.76,12.89,12.19,12.86
2016-11-29,13.05,13.67,12.21,12.64
2016-11-30,12.26,13.51,12.05,13.23
2016-12-01,13.25,15.13,13.21,13.96
2016-12-02,14.14,14.21,12.8,13.64
2016-12-05,12.97,13.03,11.41,11.41
2016-12-06,10.91,11.43,10.42,10.84
2016-12-07,10.61,11.89,9.95,11.79
2016-12-08,11.14,13.05,10.89,12.92
2016-12-09,12.46,12.77,10.96,11.1
2016-12-12,12.19,12.61,12.14,12.25
2016-12-13,12.02,13.45,12.02,12.25
2016-12-14,12.65,13.09,11.59,12.84
2016-12-15,12.5,12.91,11.53,11.85
2016-12-16,11.78,11.99,10.62,10.67
2016-12-19,11.38,11.41,9.91,9.95
2016-12-20,9.98,9.99,9.64,9.85
2016-12-21,9.42,9.8,9.31,9.33
2016-12-22,9.37,9.87,9.12,9.34
2016-12-23,9.6,9.64,8.89,8.98
2016-12-27,10.07,10.31,9.94,10.22
2016-12-28,10.16,11.53,10.08,11.22
2016-12-29,11.65,12.21,11.22,11.64
2016-12-30,11.73,14.12,11.56,12.68
2017-01-03,13.63,13.69,11.97,11.99
2017-01-04,11.49,11.67,10.38,10.68
2017-01-05,10.89,10.94,9.66,9.95
2017-01-06,9.7,9.94,9.06,9.19
